Symbol,,,,,,
A,,,,,,
AA,,,,,,
AAC,,,,,,
AACG,,,,,,
AACI,,,,,,
AADI,,,,,,
AAIC,,,,,,
AAL,,,,,,
AAMC,,,,,,
AAME,,,,,,
AAN,,,,,,
AAOI,,,,,,
AAON,,,,,,
AAP,,,,,,
AAPL,,,,,,
AAQC,,,,,,
AAT,,,,,,
AATC,,,,,,
AAU,,,,,,
AAWW,,,,,,
AB,,,,,,
ABB,,,,,,
ABBV,,,,,,
ABC,,,,,,
ABCB,,,,,,
ABCL,,,,,,
ABCM,,,,,,
ABEO,,,,,,
ABEV,,,,,,
ABG,,,,,,
ABGI,,,,,,
ABIO,,,,,,
ABM,,,,,,
ABMD,,,,,,
ABNB,,,,,,
ABOS,,,,,,
ABR,,,,,,
ABSI,,,,,,
ABST,,,,,,
ABT,,,,,,
ABTX,,,,,,
ABUS,,,,,,
ABVC,,,,,,
AC,,,,,,
ACA,,,,,,
ACAD,,,,,,
ACAH,,,,,,
ACB,,,,,,
ACBA,,,,,,
ACBI,,,,,,
ACC,,,,,,
ACCD,,,,,,
ACCO,,,,,,
ACEL,,,,,,
ACER,,,,,,
ACET,,,,,,
ACEV,,,,,,
ACGL,,,,,,
ACH,,,,,,
ACHC,,,,,,
ACHL,,,,,,
ACHR,,,,,,
ACHV,,,,,,
ACI,,,,,,
ACII,,,,,,
ACIU,,,,,,
ACIW,,,,,,
ACKIT,,,,,,
ACLS,,,,,,
ACM,,,,,,
ACMR,,,,,,
ACN,,,,,,
ACNB,,,,,,
ACOR,,,,,,
ACQR,,,,,,
ACR,,,,,,
ACRE,,,,,,
ACRO,,,,,,
ACRS,,,,,,
ACRX,,,,,,
ACST,,,,,,
ACT,,,,,,
ACTD,,,,,,
ACTG,,,,,,
ACU,,,,,,
ACVA,,,,,,
ACXP,,,,,,
ACY,,,,,,
ADAG,,,,,,
ADAP,,,,,,
ADBE,,,,,,
ADC,,,,,,
ADCT,,,,,,
ADER,,,,,,
ADES,,,,,,
ADEX,,,,,,
ADF,,,,,,
ADGI,,,,,,
ADI,,,,,,
ADIL,,,,,,
ADM,,,,,,
ADMA,,,,,,
ADMP,,,,,,
ADMS,,,,,,
ADN,,,,,,
ADNT,,,,,,
ADOC,,,,,,
ADP,,,,,,
ADPT,,,,,,
ADRA,,,,,,
ADS,,,,,,
ADSK,,,,,,
ADT,,,,,,
ADTN,,,,,,
ADTX,,,,,,
ADUS,,,,,,
ADV,,,,,,
ADVM,,,,,,
ADXN,,,,,,
ADXS,,,,,,
AE,,,,,,
AEAC,,,,,,
AEE,,,,,,
AEG,,,,,,
AEHA,,,,,,
AEHL,,,,,,
AEHR,,,,,,
AEI,,,,,,
AEIS,,,,,,
AEL,,,,,,
AEM,,,,,,
AEMD,,,,,,
AENZ,,,,,,
AEO,,,,,,
AEP,,,,,,
AER,,,,,,
AERI,,,,,,
AES,,,,,,
AESE,,,,,,
AEVA,,,,,,
AEY,,,,,,
AEYE,,,,,,
AEZS,,,,,,
AFAQ,,,,,,
AFBI,,,,,,
AFCG,,,,,,
AFG,,,,,,
AFI,,,,,,
AFIB,,,,,,
AFIN,,,,,,
AFL,,,,,,
AFMD,,,,,,
AFRM,,,,,,
AFTR,,,,,,
AFYA,,,,,,
AG,,,,,,
AGAC,,,,,,
AGBA,,,,,,
AGC,,,,,,
AGCB,,,,,,
AGCO,,,,,,
AGE,,,,,,
AGEN,,,,,,
AGFS,,,,,,
AGFY,,,,,,
AGGR,,,,,,
AGI,,,,,,
AGIL,,,,,,
AGIO,,,,,,
AGL,,,,,,
AGLE,,,,,,
AGM,,,,,,
AGM.A,,,,,,
AGMH,,,,,,
AGNC,,,,,,
AGO,,,,,,
AGR,,,,,,
AGRI,,,,,,
AGRO,,,,,,
AGRX,,,,,,
AGS,,,,,,
AGTC,,,,,,
AGTI,,,,,,
AGX,,,,,,
AGYS,,,,,,
AHCO,,,,,,
AHH,,,,,,
AHI,,,,,,
AHPA,,,,,,
AHPI,,,,,,
AHT,,,,,,
AI,,,,,,
AIG,,,,,,
AIH,,,,,,
AIHS,,,,,,
AIKI,,,,,,
AIM,,,,,,
AIMC,,,,,,
AIN,,,,,,
AINC,,,,,,
AINV,,,,,,
AIP,,,,,,
AIR,,,,,,
AIRC,,,,,,
AIRG,,,,,,
AIRI,,,,,,
AIRS,,,,,,
AIRT,,,,,,
AIT,,,,,,
AIV,,,,,,
AIZ,,,,,,
AJG,,,,,,
AJRD,,,,,,
AJX,,,,,,
AKA,,,,,,
AKAM,,,,,,
AKBA,,,,,,
AKIC,,,,,,
AKO.A,,,,,,
AKO.B,,,,,,
AKR,,,,,,
AKRO,,,,,,
AKTS,,,,,,
AKTX,,,,,,
AKU,,,,,,
AKUS,,,,,,
AKYA,,,,,,
AL,,,,,,
ALAC,,,,,,
ALB,,,,,,
ALBO,,,,,,
ALC,,,,,,
ALCC,,,,,,
ALCO,,,,,,
ALDX,,,,,,
ALE,,,,,,
ALEC,,,,,,
ALEX,,,,,,
ALF,,,,,,
ALG,,,,,,
ALGM,,,,,,
ALGN,,,,,,
ALGS,,,,,,
ALGT,,,,,,
ALHC,,,,,,
ALIM,,,,,,
ALIT,,,,,,
ALJJ,,,,,,
ALK,,,,,,
ALKS,,,,,,
ALKT,,,,,,
ALL,,,,,,
ALLE,,,,,,
ALLK,,,,,,
ALLO,,,,,,
ALLT,,,,,,
ALLY,,,,,,
ALNA,,,,,,
ALNY,,,,,,
ALOT,,,,,,
ALPA,,,,,,
ALPN,,,,,,
ALPP,,,,,,
ALRM,,,,,,
ALRN,,,,,,
ALRS,,,,,,
ALSN,,,,,,
ALT,,,,,,
ALTG,,,,,,
ALTM,,,,,,
ALTO,,,,,,
ALTR,,,,,,
ALTU,,,,,,
ALV,,,,,,
ALVR,,,,,,
ALX,,,,,,
ALXO,,,,,,
ALYA,,,,,,
ALZN,,,,,,
AM,,,,,,
AMAL,,,,,,
AMAM,,,,,,
AMAO,,,,,,
AMAT,,,,,,
AMBA,,,,,,
AMBC,,,,,,
AMBO,,,,,,
AMBP,,,,,,
AMC,,,,,,
AMCI,,,,,,
AMCR,,,,,,
AMCX,,,,,,
AMD,,,,,,
AME,,,,,,
AMED,,,,,,
AMEH,,,,,,
AMG,,,,,,
AMGN,,,,,,
AMH,,,,,,
AMK,,,,,,
AMKR,,,,,,
AMN,,,,,,
AMNB,,,,,,
AMOT,,,,,,
AMOV,,,,,,
AMP,,,,,,
AMPE,,,,,,
AMPG,,,,,,
AMPH,,,,,,
AMPI,,,,,,
AMPL,,,,,,
AMPY,,,,,,
AMR,,,,,,
AMRC,,,,,,
AMRK,,,,,,
AMRN,,,,,,
AMRS,,,,,,
AMRX,,,,,,
AMS,,,,,,
AMSC,,,,,,
AMSF,,,,,,
AMST,,,,,,
AMSWA,,,,,,
AMT,,,,,,
AMTB,,,,,,
AMTI,,,,,,
AMTX,,,,,,
AMWD,,,,,,
AMWL,,,,,,
AMX,,,,,,
AMYT,,,,,,
AMZN,,,,,,
AN,,,,,,
ANAB,,,,,,
ANAC,,,,,,
ANAT,,,,,,
ANDE,,,,,,
ANEB,,,,,,
ANET,,,,,,
ANF,,,,,,
ANGI,,,,,,
ANGN,,,,,,
ANGO,,,,,,
ANIK,,,,,,
ANIP,,,,,,
ANIX,,,,,,
ANNX,,,,,,
ANPC,,,,,,
ANSS,,,,,,
ANTE,,,,,,
ANTM,,,,,,
ANVS,,,,,,
ANY,,,,,,
ANZU,,,,,,
AOMR,,,,,,
AON,,,,,,
AOS,,,,,,
AOSL,,,,,,
AOUT,,,,,,
AP,,,,,,
APA,,,,,,
APAC,,,,,,
APAM,,,,,,
APD,,,,,,
APDN,,,,,,
APEI,,,,,,
APEN,,,,,,
APG,,,,,,
APGB,,,,,,
APH,,,,,,
API,,,,,,
APLE,,,,,,
APLS,,,,,,
APLT,,,,,,
APM,,,,,,
APMI,,,,,,
APO,,,,,,
APOG,,,,,,
APP,,,,,,
APPF,,,,,,
APPH,,,,,,
APPN,,,,,,
APPS,,,,,,
APR,,,,,,
APRE,,,,,,
APRN,,,,,,
APSG,,,,,,
APT,,,,,,
APTM,,,,,,
APTO,,,,,,
APTS,,,,,,
APTV,,,,,,
APTX,,,,,,
APVO,,,,,,
APWC,,,,,,
APYX,,,,,,
AQB,,,,,,
AQMS,,,,,,
AQN,,,,,,
AQST,,,,,,
AQUA,,,,,,
AR,,,,,,
ARAV,,,,,,
ARAY,,,,,,
ARBE,,,,,,
ARBG,,,,,,
ARBK,,,,,,
ARC,,,,,,
ARCB,,,,,,
ARCC,,,,,,
ARCE,,,,,,
ARCH,,,,,,
ARCO,,,,,,
ARCT,,,,,,
ARDS,,,,,,
ARDX,,,,,,
ARE,,,,,,
AREC,,,,,,
ARES,,,,,,
ARGO,,,,,,
ARGU,,,,,,
ARGX,,,,,,
ARHS,,,,,,
ARI,,,,,,
ARIS,,,,,,
ARKO,,,,,,
ARKR,,,,,,
ARL,,,,,,
ARLO,,,,,,
ARLP,,,,,,
ARMK,,,,,,
ARMP,,,,,,
ARNA,,,,,,
ARNC,,,,,,
AROC,,,,,,
AROW,,,,,,
ARQQ,,,,,,
ARQT,,,,,,
ARR,,,,,,
ARRW,,,,,,
ARRY,,,,,,
ARTA,,,,,,
ARTL,,,,,,
ARTNA,,,,,,
ARTW,,,,,,
ARVL,,,,,,
ARVN,,,,,,
ARW,,,,,,
ARWR,,,,,,
ARYD,,,,,,
ARYE,,,,,,
ASA,,,,,,
ASAI,,,,,,
ASAN,,,,,,
ASAQ,,,,,,
ASAX,,,,,,
ASB,,,,,,
ASC,,,,,,
ASGN,,,,,,
ASH,,,,,,
ASIX,,,,,,
ASLE,,,,,,
ASLN,,,,,,
ASM,,,,,,
ASMB,,,,,,
ASML,,,,,,
ASND,,,,,,
ASO,,,,,,
ASPA,,,,,,
ASPC,,,,,,
ASPN,,,,,,
ASPS,,,,,,
ASPU,,,,,,
ASR,,,,,,
ASRT,,,,,,
ASRV,,,,,,
ASTC,,,,,,
ASTE,,,,,,
ASTL,,,,,,
ASTR,,,,,,
ASTS,,,,,,
ASUR,,,,,,
ASX,,,,,,
ASXC,,,,,,
ASYS,,,,,,
ASZ,,,,,,
ATA,,,,,,
ATAI,,,,,,
ATAQ,,,,,,
ATAX,,,,,,
ATC,,,,,,
ATCO,,,,,,
ATCX,,,,,,
ATEC,,,,,,
ATEN,,,,,,
ATER,,,,,,
ATEX,,,,,,
ATGE,,,,,,
ATH,,,,,,
ATHA,,,,,,